{
    "learning_rate": 0.09793888274754126,
    "num_leaves": 77,
    "max_depth": 6,
    "min_child_samples": 55,
    "feature_fraction": 0.8452891921630542,
    "bagging_fraction": 0.7467351379579557
}